0;128;218;208;land;false;unknown;1
1;128;218;208;land;false;unknown;1
2;170;208;140;land;false;unknown;1
3;161;219;188;land;false;unknown;1
4;226;243;249;land;false;unknown;1
5;77;159;169;land;false;unknown;1
6;167;203;206;land;false;unknown;1
7;161;204;194;land;false;unknown;1
8;96;155;213;land;false;unknown;1
9;124;204;225;land;false;unknown;1
10;121;174;190;land;false;unknown;1
11;135;169;232;land;false;unknown;1
12;151;199;197;land;false;unknown;1
13;165;196;222;land;false;unknown;1
14;128;176;200;land;false;unknown;1
15;130;183;211;land;false;unknown;1
16;113;131;230;land;false;unknown;1
17;123;119;200;land;false;unknown;1
18;160;209;228;land;false;unknown;1
19;107;108;219;land;false;unknown;1
20;167;218;215;land;false;unknown;1
21;192;200;238;land;false;unknown;1
22;187;95;153;land;false;unknown;1
23;203;98;178;land;false;unknown;1
24;172;172;216;land;false;unknown;1
25;165;166;206;land;false;unknown;1
26;197;187;221;land;false;unknown;1
27;162;194;218;land;false;unknown;1
28;202;150;209;land;false;unknown;1
29;152;165;202;land;false;unknown;1
30;169;193;244;land;false;unknown;1
31;171;136;200;land;false;unknown;1
32;161;204;175;land;false;unknown;1
33;167;206;192;land;false;unknown;1
34;77;169;139;land;false;unknown;1
35;226;249;245;land;false;unknown;1
36;161;219;163;land;false;unknown;1
37;200;208;140;land;false;unknown;1
38;162;196;192;land;false;unknown;1
39;162;196;177;land;false;unknown;1
40;126;178;188;land;false;unknown;1
41;126;188;171;land;false;unknown;1
42;161;209;212;land;false;unknown;1
43;177;203;230;land;false;unknown;1
44;0;166;227;land;false;unknown;1
45;0;227;188;land;false;unknown;1
46;173;191;225;land;false;unknown;1
47;208;181;214;land;false;unknown;1
48;139;132;209;land;false;unknown;1
49;198;111;163;land;false;unknown;1
50;38;191;199;land;false;unknown;1
51;38;199;136;land;false;unknown;1
52;136;123;206;land;false;unknown;1
53;197;99;155;land;false;unknown;1
54;94;182;197;land;false;unknown;1
55;133;182;165;land;false;unknown;1
56;133;182;144;land;false;unknown;1
57;94;197;167;land;false;unknown;1
58;124;166;207;land;false;unknown;1
59;175;152;200;land;false;unknown;1
60;133;214;219;land;false;unknown;1
61;161;206;248;land;false;unknown;1
62;117;205;202;land;false;unknown;1
63;97;196;206;land;false;unknown;1
64;139;194;223;land;false;unknown;1
65;183;182;229;land;false;unknown;1
66;155;144;221;land;false;unknown;1
67;213;124;174;land;false;unknown;1
68;106;99;210;land;false;unknown;1
69;192;54;142;land;false;unknown;1
70;133;226;232;land;false;unknown;1
71;165;217;255;land;false;unknown;1
72;139;200;219;land;false;unknown;1
73;175;190;233;land;false;unknown;1
74;122;111;214;land;false;unknown;1
75;200;76;151;land;false;unknown;1
76;0;168;187;land;false;unknown;1
77;0;187;124;land;false;unknown;1
78;192;231;245;land;false;unknown;1
79;192;245;236;land;false;unknown;1
80;107;228;224;land;false;unknown;1
81;135;219;255;land;false;unknown;1
82;136;179;208;land;false;unknown;1
83;176;168;209;land;false;unknown;1
84;179;225;218;land;false;unknown;1
85;185;222;241;land;false;unknown;1
86;0;144;175;land;false;unknown;1
87;0;175;129;land;false;unknown;1
88;171;201;216;land;false;unknown;1
89;193;194;220;land;false;unknown;1
90;0;144;205;land;false;unknown;1
91;0;205;176;land;false;unknown;1
92;37;158;193;land;false;unknown;1
93;37;193;160;land;false;unknown;1
94;115;104;205;land;false;unknown;1
95;191;68;143;land;false;unknown;1
96;159;159;206;land;false;unknown;1
97;198;147;181;land;false;unknown;1
98;125;190;194;land;false;unknown;1
99;146;173;219;land;false;unknown;1
100;195;159;204;land;false;unknown;1
101;105;139;224;land;false;unknown;1
102;192;111;186;land;false;unknown;1
103;0;179;211;land;false;unknown;1
104;134;135;196;land;false;unknown;1
105;184;118;163;land;false;unknown;1
106;90;200;186;land;false;unknown;1
107;110;191;214;land;false;unknown;1
108;158;179;232;land;false;unknown;1
109;179;213;186;land;false;unknown;1
110;187;213;179;land;false;unknown;1
111;119;174;197;land;false;unknown;1
112;158;164;206;land;false;unknown;1
113;156;167;230;land;false;unknown;1
114;212;150;199;land;false;unknown;1
115;180;225;185;land;false;unknown;1
116;195;225;180;land;false;unknown;1
117;1;195;175;land;false;unknown;1
118;1;195;90;land;false;unknown;1
119;143;142;209;land;false;unknown;1
120;143;154;208;land;false;unknown;1
121;192;139;183;land;false;unknown;1
122;197;124;171;land;false;unknown;1
123;163;191;238;land;false;unknown;1
124;213;177;223;land;false;unknown;1
125;0;176;194;land;false;unknown;1
126;0;194;127;land;false;unknown;1
127;117;108;201;land;false;unknown;1
128;188;77;144;land;false;unknown;1
129;26;146;170;land;false;unknown;1
130;26;170;131;land;false;unknown;1
131;134;204;210;land;false;unknown;1
132;160;196;235;land;false;unknown;1
133;91;95;216;land;false;unknown;1
134;192;36;144;land;false;unknown;1
135;170;194;235;land;false;unknown;1
136;213;182;222;land;false;unknown;1
137;134;192;202;land;false;unknown;1
138;160;184;220;land;false;unknown;1
139;145;190;180;land;false;unknown;1
140;109;156;202;land;false;unknown;1
141;167;141;194;land;false;unknown;1
142;182;218;172;land;false;unknown;1
143;157;187;209;land;false;unknown;1
144;185;179;209;land;false;unknown;1
145;202;218;172;land;false;unknown;1
146;103;128;207;land;false;unknown;1
147;180;103;170;land;false;unknown;1
148;155;202;163;land;false;unknown;1
149;136;162;212;land;false;unknown;1
150;188;147;194;land;false;unknown;1
151;125;174;210;land;false;unknown;1
152;174;161;209;land;false;unknown;1
153;75;179;210;land;false;unknown;1
154;152;214;214;land;false;unknown;1
155;169;208;239;land;false;unknown;1
156;121;120;204;land;false;unknown;1
157;112;189;188;land;false;unknown;1
158;95;133;223;land;false;unknown;1
159;189;103;182;land;false;unknown;1
160;103;90;223;land;false;unknown;1
161;158;191;204;land;false;unknown;1
162;179;185;211;land;false;unknown;1
163;182;225;218;land;false;unknown;1
164;187;222;240;land;false;unknown;1
165;94;116;225;land;false;unknown;1
166;196;75;167;land;false;unknown;1
167;112;205;162;land;false;unknown;1
168;178;177;223;land;false;unknown;1
169;215;166;198;land;false;unknown;1
170;112;205;121;land;false;unknown;1
171;107;228;235;land;false;unknown;1
172;150;217;255;land;false;unknown;1
173;92;185;209;land;false;unknown;1
174;92;209;182;land;false;unknown;1
175;164;158;225;land;false;unknown;1
176;216;141;186;land;false;unknown;1
177;0;142;184;land;false;unknown;1
178;155;202;184;land;false;unknown;1
179;167;203;178;land;false;unknown;1
180;172;203;167;land;false;unknown;1
181;166;189;230;land;false;unknown;1
182;173;195;148;land;false;unknown;1
183;180;186;224;land;false;unknown;1
184;214;176;206;land;false;unknown;1
185;99;153;210;land;false;unknown;1
186;135;166;245;land;false;unknown;1
187;126;186;178;land;false;unknown;1
188;134;182;207;land;false;unknown;1
189;214;142;211;land;false;unknown;1
190;171;134;197;land;false;unknown;1
191;150;203;222;land;false;unknown;1
192;183;194;233;land;false;unknown;1
193;143;169;219;land;false;unknown;1
194;195;154;201;land;false;unknown;1
195;200;114;250;land;false;unknown;1
196;255;73;147;land;false;unknown;1
197;171;225;222;land;false;unknown;1
198;183;220;246;land;false;unknown;1
199;132;190;182;land;false;unknown;1
200;139;186;210;land;false;unknown;1
201;209;177;217;land;false;unknown;1
202;104;129;206;land;false;unknown;1
203;179;105;170;land;false;unknown;1
204;64;56;80;land;false;unknown;1
205;170;206;216;land;false;unknown;1
206;189;200;226;land;false;unknown;1
207;80;51;64;land;false;unknown;1
208;245;221;73;land;false;unknown;1
209;111;248;133;land;false;unknown;1
210;154;232;233;land;false;unknown;1
211;216;234;102;land;false;unknown;1
212;175;94;228;land;false;unknown;1
213;239;43;128;land;false;unknown;1
214;82;253;176;land;false;unknown;1
215;176;225;255;land;false;unknown;1
216;62;72;61;land;false;unknown;1
217;55;73;71;land;false;unknown;1
218;124;208;214;land;false;unknown;1
219;154;199;243;land;false;unknown;1
220;12;170;173;land;false;unknown;1
221;78;161;215;land;false;unknown;1
222;72;120;32;land;false;unknown;1
223;0;128;100;land;false;unknown;1
224;152;181;222;land;false;unknown;1
225;197;168;211;land;false;unknown;1
226;165;205;140;land;false;unknown;1
227;107;212;191;land;false;unknown;1
228;134;75;154;land;false;unknown;1
229;158;122;189;land;false;unknown;1
230;136;191;181;land;false;unknown;1
231;141;188;209;land;false;unknown;1
232;196;108;139;land;false;unknown;1
233;168;57;91;land;false;unknown;1
234;112;213;211;land;false;unknown;1
235;247;198;59;land;false;unknown;1
236;125;229;99;land;false;unknown;1
237;208;58;228;land;false;unknown;1
238;255;0;101;land;false;unknown;1
239;97;188;218;land;false;unknown;1
240;157;174;234;land;false;unknown;1
241;66;144;20;land;false;unknown;1
242;0;153;122;land;false;unknown;1
243;110;151;246;land;false;unknown;1
244;23;213;39;land;false;unknown;1
245;0;223;200;land;false;unknown;1
246;209;120;204;land;false;unknown;1
247;203;120;255;land;false;unknown;1
248;255;80;153;land;false;unknown;1
249;129;133;220;land;false;unknown;1
250;176;170;212;land;false;unknown;1
251;208;161;187;land;false;unknown;1
252;202;106;172;land;false;unknown;1
253;143;180;219;land;false;unknown;1
254;189;167;212;land;false;unknown;1
255;185;201;220;land;false;unknown;1
256;206;195;217;land;false;unknown;1
257;194;251;181;land;false;unknown;1
258;105;245;249;land;false;unknown;1
259;150;234;255;land;false;unknown;1
260;133;255;242;land;false;unknown;1
261;150;146;198;land;false;unknown;1
262;191;133;168;land;false;unknown;1
263;156;151;226;land;false;unknown;1
264;215;131;182;land;false;unknown;1
265;74;11;121;land;false;unknown;1
266;122;0;49;land;false;unknown;1
267;143;180;213;land;false;unknown;1
268;86;220;224;land;false;unknown;1
269;130;210;255;land;false;unknown;1
270;184;169;210;land;false;unknown;1
271;99;228;232;land;false;unknown;1
272;141;218;255;land;false;unknown;1
273;0;146;203;land;false;unknown;1
274;0;149;196;land;false;unknown;1
275;5;97;111;land;false;unknown;1
276;61;89;128;land;false;unknown;1
277;11;150;135;land;false;unknown;1
278;16;145;184;land;false;unknown;1
279;135;162;100;land;false;unknown;1
280;77;170;144;land;false;unknown;1
281;25;204;120;land;false;unknown;1
282;90;154;225;land;false;unknown;1
283;180;130;205;land;false;unknown;1
284;0;207;223;land;false;unknown;1
285;195;231;179;land;false;unknown;1
286;160;211;150;land;false;unknown;1
287;106;217;204;land;false;unknown;1
288;218;231;179;land;false;unknown;1
289;183;56;68;land;false;unknown;1
290;141;93;0;land;false;unknown;1
291;168;164;214;land;false;unknown;1
292;207;152;185;land;false;unknown;1
293;128;159;206;land;false;unknown;1
294;180;144;192;land;false;unknown;1
295;145;135;208;land;false;unknown;1
296;200;116;164;land;false;unknown;1
297;149;226;226;land;false;unknown;1
298;182;221;224;land;false;unknown;1
299;196;216;239;land;false;unknown;1
300;170;219;255;land;false;unknown;1
301;130;218;207;land;false;unknown;1
302;141;212;248;land;false;unknown;1
303;134;195;223;land;false;unknown;1
304;179;183;231;land;false;unknown;1
305;114;191;206;land;false;unknown;1
306;152;181;227;land;false;unknown;1
307;123;179;211;land;false;unknown;1
308;171;167;215;land;false;unknown;1
309;104;172;181;land;false;unknown;1
310;120;169;194;land;false;unknown;1
311;148;158;224;land;false;unknown;1
312;206;140;191;land;false;unknown;1
313;158;159;199;land;false;unknown;1
314;104;181;156;land;false;unknown;1
315;143;199;166;land;false;unknown;1
316;147;144;216;land;false;unknown;1
317;204;124;175;land;false;unknown;1
318;154;185;143;land;false;unknown;1
319;172;185;143;land;false;unknown;1
320;37;166;206;land;false;unknown;1
321;37;206;172;land;false;unknown;1
322;133;197;187;land;false;unknown;1
323;133;197;159;land;false;unknown;1
324;172;197;224;land;false;unknown;1
325;203;188;220;land;false;unknown;1
326;169;165;219;land;false;unknown;1
327;212;152;188;land;false;unknown;1
328;166;202;202;land;false;unknown;1
329;176;195;219;land;false;unknown;1
330;202;187;214;land;false;unknown;1
331;165;158;227;land;false;unknown;1
332;218;140;186;land;false;unknown;1
333;145;199;143;land;false;unknown;1
334;192;212;182;land;false;unknown;1
335;205;212;182;land;false;unknown;1
336;153;223;219;land;false;unknown;1
337;168;217;250;land;false;unknown;1
338;170;222;164;land;false;unknown;1
339;195;222;164;land;false;unknown;1
340;119;202;225;land;false;unknown;1
341;167;190;244;land;false;unknown;1
342;165;175;224;land;false;unknown;1
343;209;162;201;land;false;unknown;1
344;92;202;218;land;false;unknown;1
345;144;190;248;land;false;unknown;1
346;120;210;207;land;false;unknown;1
347;149;192;202;land;false;unknown;1
348;171;185;214;land;false;unknown;1
349;141;203;244;land;false;unknown;1
350;173;209;187;land;false;unknown;1
351;134;231;220;land;false;unknown;1
352;147;225;255;land;false;unknown;1
353;175;209;173;land;false;unknown;1
354;47;161;200;land;false;unknown;1
355;47;200;172;land;false;unknown;1
356;182;186;216;land;false;unknown;1
357;208;179;202;land;false;unknown;1
358;123;226;226;land;false;unknown;1
359;151;217;255;land;false;unknown;1
360;176;207;227;land;false;unknown;1
361;203;199;229;land;false;unknown;1
362;109;169;167;land;false;unknown;1
363;109;169;141;land;false;unknown;1
364;88;188;215;land;false;unknown;1
365;155;222;218;land;false;unknown;1
366;169;216;248;land;false;unknown;1
367;88;215;186;land;false;unknown;1
368;174;199;227;land;false;unknown;1
369;206;190;222;land;false;unknown;1
370;145;208;201;land;false;unknown;1
371;155;203;231;land;false;unknown;1
372;142;205;202;land;false;unknown;1
373;142;205;174;land;false;unknown;1
374;185;220;221;land;false;unknown;1
375;198;217;195;land;false;unknown;1
376;148;179;221;land;false;unknown;1
377;195;166;210;land;false;unknown;1
378;102;182;216;land;false;unknown;1
379;162;168;226;land;false;unknown;1
380;135;205;169;land;false;unknown;1
381;135;205;138;land;false;unknown;1
382;109;109;198;land;false;unknown;1
383;181;80;147;land;false;unknown;1
384;174;222;216;land;false;unknown;1
385;181;218;239;land;false;unknown;1
386;98;156;226;land;false;unknown;1
387;184;133;205;land;false;unknown;1
388;208;217;195;land;false;unknown;1
389;178;166;238;land;false;unknown;1
390;232;148;194;land;false;unknown;1
391;193;211;187;land;false;unknown;1
392;204;211;187;land;false;unknown;1
393;81;166;165;land;false;unknown;1
394;104;172;155;land;false;unknown;1
395;104;172;125;land;false;unknown;1
396;113;131;199;land;false;unknown;1
397;177;110;167;land;false;unknown;1
398;0;148;174;land;false;unknown;1
399;0;174;124;land;false;unknown;1
400;167;189;239;land;false;unknown;1
401;96;172;196;land;false;unknown;1
402;175;214;213;land;false;unknown;1
403;185;210;230;land;false;unknown;1
404;96;196;176;land;false;unknown;1
405;128;164;209;land;false;unknown;1
406;180;150;198;land;false;unknown;1
407;135;166;224;land;false;unknown;1
408;196;148;203;land;false;unknown;1
409;169;169;211;land;false;unknown;1
410;204;159;188;land;false;unknown;1
411;115;157;201;land;false;unknown;1
412;169;142;192;land;false;unknown;1
413;91;212;217;land;false;unknown;1
414;139;179;214;land;false;unknown;1
415;183;167;211;land;false;unknown;1
416;132;202;255;land;false;unknown;1
417;124;181;200;land;false;unknown;1
418;124;200;186;land;false;unknown;1
419;157;157;209;land;false;unknown;1
420;200;144;181;land;false;unknown;1
421;0;171;179;land;false;unknown;1
422;0;179;109;land;false;unknown;1
423;164;197;232;land;false;unknown;1
424;205;185;226;land;false;unknown;1
425;156;205;203;land;false;unknown;1
426;156;205;182;land;false;unknown;1
427;128;163;212;land;false;unknown;1
428;159;193;231;land;false;unknown;1
429;203;181;224;land;false;unknown;1
430;183;148;198;land;false;unknown;1
431;71;254;52;land;false;unknown;1
432;0;255;233;land;false;unknown;1
433;110;167;197;land;false;unknown;1
434;241;12;126;land;false;unknown;1
435;84;23;54;land;false;unknown;1
436;80;31;17;land;false;unknown;1
437;212;85;0;land;false;unknown;1
438;156;155;202;land;false;unknown;1
439;234;117;251;land;false;unknown;1
440;255;89;140;land;false;unknown;1
441;113;211;217;land;false;unknown;1
442;147;202;251;land;false;unknown;1
443;177;210;224;land;false;unknown;1
444;199;203;230;land;false;unknown;1
445;170;138;157;land;false;unknown;1
446;174;138;133;land;false;unknown;1
447;0;134;181;land;false;unknown;1
448;0;181;149;land;false;unknown;1
449;170;39;195;land;false;unknown;1
450;218;0;83;land;false;unknown;1
451;41;198;114;land;false;unknown;1
452;0;201;213;land;false;unknown;1
453;212;155;32;land;false;unknown;1
454;107;185;58;land;false;unknown;1
455;115;204;227;land;false;unknown;1
456;166;192;247;land;false;unknown;1
457;147;186;209;land;false;unknown;1
458;180;177;212;land;false;unknown;1
459;154;200;203;land;false;unknown;1
460;170;195;220;land;false;unknown;1
461;183;219;220;land;false;unknown;1
462;194;215;235;land;false;unknown;1
463;180;203;162;land;false;unknown;1
464;142;179;218;land;false;unknown;1
465;188;166;211;land;false;unknown;1
466;198;203;162;land;false;unknown;1
467;74;79;87;land;false;unknown;1
468;82;77;85;land;false;unknown;1
469;137;251;250;land;false;unknown;1
470;252;111;151;land;false;unknown;1
471;226;136;73;land;false;unknown;1
472;167;242;255;land;false;unknown;1
473;134;189;147;land;false;unknown;1
474;101;191;193;land;false;unknown;1
475;167;205;153;land;false;unknown;1
476;190;205;153;land;false;unknown;1
477;153;195;205;land;false;unknown;1
478;136;204;170;land;false;unknown;1
479;136;204;140;land;false;unknown;1
480;165;171;234;land;false;unknown;1
481;219;154;202;land;false;unknown;1
482;140;193;195;land;false;unknown;1
483;157;187;216;land;false;unknown;1
484;164;208;219;land;false;unknown;1
485;187;201;231;land;false;unknown;1
486;104;229;90;land;false;unknown;1
487;0;239;215;land;false;unknown;1
488;215;238;164;land;false;unknown;1
489;151;249;212;land;false;unknown;1
490;194;190;81;land;false;unknown;1
491;170;151;243;land;false;unknown;1
492;236;126;185;land;false;unknown;1
493;93;209;132;land;false;unknown;1
494;176;179;218;land;false;unknown;1
495;209;169;198;land;false;unknown;1
496;144;51;93;land;false;unknown;1
497;156;167;178;land;false;unknown;1
498;0;178;188;land;false;unknown;1
499;169;163;177;land;false;unknown;1
500;136;64;38;land;false;unknown;1
501;199;52;12;land;false;unknown;1
502;65;176;111;land;false;unknown;1
503;119;110;0;land;false;unknown;1
504;54;227;105;land;false;unknown;1
505;0;233;232;land;false;unknown;1
506;109;2;144;land;false;unknown;1
507;155;0;55;land;false;unknown;1
508;184;175;20;land;false;unknown;1
509;33;198;97;land;false;unknown;1
510;52;73;98;land;false;unknown;1
511;246;242;128;land;false;unknown;1
512;114;198;200;land;false;unknown;1
513;139;190;232;land;false;unknown;1
514;143;255;181;land;false;unknown;1
515;82;65;92;land;false;unknown;1
516;166;191;16;land;false;unknown;1
517;0;210;125;land;false;unknown;1
518;75;129;152;land;false;unknown;1
519;115;119;159;land;false;unknown;1
520;167;97;123;land;false;unknown;1
521;161;104;81;land;false;unknown;1
522;59;186;57;land;false;unknown;1
523;0;194;176;land;false;unknown;1
524;234;119;192;land;false;unknown;1
525;242;122;111;land;false;unknown;1
526;33;72;172;land;false;unknown;1
527;117;85;23;land;false;unknown;1
528;62;101;34;land;false;unknown;1
529;142;16;118;land;false;unknown;1
530;122;175;215;land;false;unknown;1
531;125;230;52;land;false;unknown;1
532;0;244;194;land;false;unknown;1
533;176;161;213;land;false;unknown;1
534;193;105;172;land;false;unknown;1
535;165;221;178;land;false;unknown;1
536;133;14;96;land;false;unknown;1
537;135;28;27;land;false;unknown;1
538;134;223;225;land;false;unknown;1
539;208;103;104;land;false;unknown;1
540;215;173;215;land;false;unknown;1
541;64;177;23;land;false;unknown;1
542;0;187;156;land;false;unknown;1
543;233;169;176;land;false;unknown;1
544;150;73;181;land;false;unknown;1
545;13;97;47;land;false;unknown;1
546;181;14;35;land;false;unknown;1
547;122;85;0;land;false;unknown;1
548;0;99;103;land;false;unknown;1
549;196;37;98;land;false;unknown;1
550;134;201;152;land;false;unknown;1
551;167;28;225;land;false;unknown;1
552;238;0;94;land;false;unknown;1
553;51;85;108;land;false;unknown;1
554;80;74;186;land;false;unknown;1
555;109;23;38;land;false;unknown;1
556;206;127;80;land;false;unknown;1
557;147;153;60;land;false;unknown;1
558;84;49;0;land;false;unknown;1
559;167;0;117;land;false;unknown;1
560;84;77;108;land;false;unknown;1
561;151;141;209;land;false;unknown;1
562;202;124;168;land;false;unknown;1
563;124;148;185;land;false;unknown;1
564;164;137;174;land;false;unknown;1
565;240;101;175;land;false;unknown;1
566;48;84;39;land;false;unknown;1
567;0;88;78;land;false;unknown;1
568;237;113;86;land;false;unknown;1
569;193;48;5;land;false;unknown;1
570;149;217;162;land;false;unknown;1
571;101;220;220;land;false;unknown;1
572;113;107;0;land;false;unknown;1
573;157;134;18;land;false;unknown;1
574;158;218;76;land;false;unknown;1
575;211;229;216;land;false;unknown;1
576;226;232;15;land;false;unknown;1
577;0;255;139;land;false;unknown;1
578;205;230;231;land;false;unknown;1
579;0;233;177;land;false;unknown;1
580;58;155;65;land;false;unknown;1
581;131;162;195;land;false;unknown;1
582;227;102;25;land;false;unknown;1
583;135;149;0;land;false;unknown;1
584;170;151;189;land;false;unknown;1
585;157;119;123;land;false;unknown;1
586;148;124;104;land;false;unknown;1
587;136;199;129;land;false;unknown;1
588;56;205;193;land;false;unknown;1
589;55;232;0;land;false;unknown;1
590;43;195;68;land;false;unknown;1
591;0;202;191;land;false;unknown;1
592;0;244;207;land;false;unknown;1
593;36;8;8;land;false;unknown;1
594;170;92;112;land;false;unknown;1
595;65;27;47;land;false;unknown;1
596;156;103;69;land;false;unknown;1
597;30;14;0;land;false;unknown;1
598;43;36;67;land;false;unknown;1
599;145;201;134;land;false;unknown;1
600;207;37;94;land;false;unknown;1
601;220;105;6;land;false;unknown;1
602;124;150;0;land;false;unknown;1
603;172;86;0;land;false;unknown;1
604;142;182;198;land;false;unknown;1
605;168;174;206;land;false;unknown;1
606;192;223;163;land;false;unknown;1
607;218;223;163;land;false;unknown;1
608;198;224;168;land;false;unknown;1
609;152;231;208;land;false;unknown;1
610;45;231;140;land;false;unknown;1
611;108;126;200;land;false;unknown;1
612;74;199;115;land;false;unknown;1
613;0;203;208;land;false;unknown;1
614;177;103;164;land;false;unknown;1
615;0;234;252;land;false;unknown;1
616;134;237;118;land;false;unknown;1
617;244;115;83;land;false;unknown;1
618;176;154;15;land;false;unknown;1
619;0;246;224;land;false;unknown;1
620;124;209;219;land;false;unknown;1
621;159;200;246;land;false;unknown;1
622;147;191;223;land;false;unknown;1
623;190;179;223;land;false;unknown;1
624;160;170;125;land;false;unknown;1
625;191;96;137;land;false;unknown;1
626;185;106;78;land;false;unknown;1
627;122;177;152;land;false;unknown;1
628;173;188;228;land;false;unknown;1
629;70;175;239;land;false;unknown;1
630;176;152;235;land;false;unknown;1
631;212;177;212;land;false;unknown;1
632;141;105;1;land;false;unknown;1
633;60;126;34;land;false;unknown;1
634;40;113;103;land;false;unknown;1
635;100;69;121;land;false;unknown;1
636;128;58;81;land;false;unknown;1
637;44;110;135;land;false;unknown;1
638;224;80;209;land;false;unknown;1
639;18;10;23;land;false;unknown;1
640;223;240;244;land;false;unknown;1
641;231;237;249;land;false;unknown;1
642;25;7;14;land;false;unknown;1
643;253;63;98;land;false;unknown;1
644;132;100;199;land;false;unknown;1
645;195;68;132;land;false;unknown;1
646;23;165;202;land;false;unknown;1
647;67;178;94;land;false;unknown;1
648;84;220;176;land;false;unknown;1
649;111;227;201;land;false;unknown;1
650;192;40;92;land;false;unknown;1
651;162;80;1;land;false;unknown;1
652;105;223;255;land;false;unknown;1
653;0;218;250;land;false;unknown;1
654;0;183;182;land;false;unknown;1
655;23;202;161;land;false;unknown;1
656;199;103;21;land;false;unknown;1
657;115;140;0;land;false;unknown;1
658;96;196;122;land;false;unknown;1
659;0;200;202;land;false;unknown;1
660;146;188;180;land;false;unknown;1
661;161;93;238;land;false;unknown;1
662;199;243;204;land;false;unknown;1
663;173;246;243;land;false;unknown;1
664;240;7;135;land;false;unknown;1
665;150;185;202;land;false;unknown;1
666;197;255;127;land;false;unknown;1
667;60;230;139;land;false;unknown;1
668;0;233;248;land;false;unknown;1
669;0;255;218;land;false;unknown;1
670;180;197;219;land;false;unknown;1
671;77;7;75;land;false;unknown;1
672;132;199;143;land;false;unknown;1
673;77;202;201;land;false;unknown;1
674;92;0;25;land;false;unknown;1
675;204;190;214;land;false;unknown;1
676;67;108;14;land;false;unknown;1
677;222;220;206;land;false;unknown;1
678;12;234;86;land;false;unknown;1
679;0;242;235;land;false;unknown;1
680;210;223;212;land;false;unknown;1
681;0;116;84;land;false;unknown;1
682;140;114;206;land;false;unknown;1
683;16;19;25;land;false;unknown;1
684;235;170;6;land;false;unknown;1
685;80;37;154;land;false;unknown;1
686;147;0;75;land;false;unknown;1
687;110;205;53;land;false;unknown;1
688;22;17;23;land;false;unknown;1
689;202;87;145;land;false;unknown;1
690;244;126;37;land;false;unknown;1
691;146;170;0;land;false;unknown;1
692;229;239;111;land;false;unknown;1
693;102;144;188;land;false;unknown;1
694;156;129;179;land;false;unknown;1
695;106;255;179;land;false;unknown;1
696;54;240;31;land;false;unknown;1
697;216;12;132;land;false;unknown;1
698;178;147;149;land;false;unknown;1
699;45;69;10;land;false;unknown;1
700;0;75;52;land;false;unknown;1
701;170;151;134;land;false;unknown;1
702;202;64;27;land;false;unknown;1
703;0;252;219;land;false;unknown;1
704;233;94;60;land;false;unknown;1
705;162;16;168;land;false;unknown;1
706;26;117;109;land;false;unknown;1
707;39;113;144;land;false;unknown;1
708;197;0;64;land;false;unknown;1
709;159;140;0;land;false;unknown;1
710;68;178;216;land;false;unknown;1
711;121;126;73;land;false;unknown;1
712;73;135;101;land;false;unknown;1
713;68;216;189;land;false;unknown;1
714;152;46;170;land;false;unknown;1
715;192;0;76;land;false;unknown;1
716;253;100;186;land;false;unknown;1
717;251;113;88;land;false;unknown;1
718;232;45;125;land;false;unknown;1
719;205;91;20;land;false;unknown;1
720;224;146;75;land;false;unknown;1
721;148;175;65;land;false;unknown;1
722;141;167;196;land;false;unknown;1
723;164;124;26;land;false;unknown;1
724;80;147;51;land;false;unknown;1
725;174;158;191;land;false;unknown;1
726;169;215;212;land;false;unknown;1
727;48;222;144;land;false;unknown;1
728;0;224;246;land;false;unknown;1
729;179;211;233;land;false;unknown;1
730;249;237;161;land;false;unknown;1
731;112;131;107;land;false;unknown;1
732;190;57;187;land;false;unknown;1
733;85;202;130;land;false;unknown;1
734;0;205;214;land;false;unknown;1
735;222;22;82;land;false;unknown;1
736;95;133;128;land;false;unknown;1
737;181;253;192;land;false;unknown;1
738;193;6;18;land;false;unknown;1
739;114;219;249;land;false;unknown;1
740;178;204;255;land;false;unknown;1
741;119;94;0;land;false;unknown;1
742;110;179;204;land;false;unknown;1
743;202;105;133;land;false;unknown;1
744;66;175;221;land;false;unknown;1
745;155;157;230;land;false;unknown;1
746;187;119;78;land;false;unknown;1
747;220;129;161;land;false;unknown;1
748;211;139;107;land;false;unknown;1
749;195;201;183;land;false;unknown;1
750;181;204;195;land;false;unknown;1
751;124;199;216;land;false;unknown;1
752;144;138;232;land;false;unknown;1
753;177;48;207;land;false;unknown;1
754;230;0;91;land;false;unknown;1
755;218;110;177;land;false;unknown;1
756;163;189;236;land;false;unknown;1
757;206;175;78;land;false;unknown;1
758;118;197;108;land;false;unknown;1
759;141;206;216;land;false;unknown;1
760;247;140;22;land;false;unknown;1
761;72;144;147;land;false;unknown;1
762;96;138;172;land;false;unknown;1
763;138;183;0;land;false;unknown;1
764;169;198;237;land;false;unknown;1
765;138;156;88;land;false;unknown;1
766;74;166;130;land;false;unknown;1
767;110;104;67;land;false;unknown;1
768;105;100;107;land;false;unknown;1
769;109;99;101;land;false;unknown;1
770;77;112;82;land;false;unknown;1
771;228;233;200;land;false;unknown;1
772;247;200;8;land;false;unknown;1
773;99;234;86;land;false;unknown;1
774;201;239;219;land;false;unknown;1
775;207;112;57;land;false;unknown;1
776;137;145;20;land;false;unknown;1
777;37;221;193;land;false;unknown;1
778;105;56;173;land;false;unknown;1
779;170;0;92;land;false;unknown;1
780;0;215;255;land;false;unknown;1
781;158;44;244;land;false;unknown;1
782;247;0;109;land;false;unknown;1
783;117;83;183;land;false;unknown;1
784;179;45;115;land;false;unknown;1
785;117;173;157;land;false;unknown;1
786;227;243;119;land;false;unknown;1
787;107;255;188;land;false;unknown;1
788;117;173;132;land;false;unknown;1
789;163;59;98;land;false;unknown;1
790;149;76;38;land;false;unknown;1
791;143;161;203;land;false;unknown;1
792;192;184;227;land;false;unknown;1
793;224;175;201;land;false;unknown;1
794;185;149;187;land;false;unknown;1
795;179;61;134;land;false;unknown;1
796;185;214;29;land;false;unknown;1
797;148;224;193;land;false;unknown;1
798;133;223;241;land;false;unknown;1
799;0;235;143;land;false;unknown;1
800;181;69;57;land;false;unknown;1
801;201;176;143;land;false;unknown;1
802;167;186;148;land;false;unknown;1
803;57;174;165;land;false;unknown;1
804;153;1;56;land;false;unknown;1
805;120;60;0;land;false;unknown;1
806;76;168;211;land;false;unknown;1
807;117;227;230;land;false;unknown;1
808;246;118;109;land;false;unknown;1
809;194;151;49;land;false;unknown;1
810;151;218;255;land;false;unknown;1
811;139;195;227;land;false;unknown;1
812;131;243;207;land;false;unknown;1
813;109;88;49;land;false;unknown;1
814;72;99;57;land;false;unknown;1
815;111;240;255;land;false;unknown;1
816;186;182;231;land;false;unknown;1
817;175;168;117;land;false;unknown;1
818;130;179;139;land;false;unknown;1
819;224;73;133;land;false;unknown;1
820;204;100;47;land;false;unknown;1
821;174;226;88;land;false;unknown;1
822;229;136;148;land;false;unknown;1
823;205;152;101;land;false;unknown;1
824;0;241;182;land;false;unknown;1
825;203;82;171;land;false;unknown;1
826;174;20;86;land;false;unknown;1
827;146;91;2;land;false;unknown;1
828;73;116;2;land;false;unknown;1
829;150;64;0;land;false;unknown;1
830;216;81;84;land;false;unknown;1
831;139;205;206;land;false;unknown;1
832;158;199;232;land;false;unknown;1
833;136;14;17;land;false;unknown;1
834;87;65;0;land;false;unknown;1
835;105;105;0;land;false;unknown;1
836;0;119;58;land;false;unknown;1
837;124;38;37;land;false;unknown;1
838;90;65;0;land;false;unknown;1
839;225;149;222;land;false;unknown;1
840;156;30;156;land;false;unknown;1
841;153;194;71;land;false;unknown;1
842;234;249;72;land;false;unknown;1
843;178;172;216;land;false;unknown;1
844;212;162;190;land;false;unknown;1
845;0;255;169;land;false;unknown;1
846;0;208;153;land;false;unknown;1
847;185;0;62;land;false;unknown;1
848;252;141;154;land;false;unknown;1
849;119;189;187;land;false;unknown;1
850;150;203;18;land;false;unknown;1
851;0;220;147;land;false;unknown;1
852;136;183;216;land;false;unknown;1
853;124;213;227;land;false;unknown;1
854;164;202;253;land;false;unknown;1
855;94;166;187;land;false;unknown;1
856;137;155;202;land;false;unknown;1
857;80;203;234;land;false;unknown;1
858;156;188;255;land;false;unknown;1
859;158;122;82;land;false;unknown;1
860;210;73;42;land;false;unknown;1
861;138;121;0;land;false;unknown;1
862;116;136;83;land;false;unknown;1
863;99;238;224;land;false;unknown;1
864;117;230;255;land;false;unknown;1
865;110;204;188;land;false;unknown;1
866;137;191;156;land;false;unknown;1
867;150;183;35;land;false;unknown;1
868;255;167;99;land;false;unknown;1
869;167;217;137;land;false;unknown;1
870;87;225;200;land;false;unknown;1
871;178;198;84;land;false;unknown;1
872;0;199;129;land;false;unknown;1
873;167;173;238;land;false;unknown;1
874;223;156;205;land;false;unknown;1
875;99;115;238;land;false;unknown;1
876;209;64;169;land;false;unknown;1
877;204;144;156;land;false;unknown;1
878;255;87;136;land;false;unknown;1
879;221;123;43;land;false;unknown;1
880;193;151;124;land;false;unknown;1
881;124;187;181;land;false;unknown;1
882;124;187;153;land;false;unknown;1
883;151;169;209;land;false;unknown;1
884;178;174;230;land;false;unknown;1
885;106;174;222;land;false;unknown;1
886;175;157;219;land;false;unknown;1
887;222;160;198;land;false;unknown;1
888;191;157;194;land;false;unknown;1
889;89;98;17;land;false;unknown;1
890;0;109;63;land;false;unknown;1
891;210;105;63;land;false;unknown;1
892;52;31;92;land;false;unknown;1
893;89;0;50;land;false;unknown;1
894;145;139;11;land;false;unknown;1
895;74;129;91;land;false;unknown;1
896;29;131;134;land;false;unknown;1
897;202;42;165;land;false;unknown;1
898;215;42;62;land;false;unknown;1
899;3;159;128;land;false;unknown;1
900;0;156;190;land;false;unknown;1
901;108;0;69;land;false;unknown;1
902;32;159;88;land;false;unknown;1
903;0;162;170;land;false;unknown;1
904;34;165;167;land;false;unknown;1
905;34;167;111;land;false;unknown;1
906;154;145;217;land;false;unknown;1
907;169;214;51;land;false;unknown;1
908;0;232;158;land;false;unknown;1
909;209;126;174;land;false;unknown;1
910;118;125;218;land;false;unknown;1
911;197;95;167;land;false;unknown;1
912;118;153;240;land;false;unknown;1
913;207;125;202;land;false;unknown;1
914;155;215;149;land;false;unknown;1
915;149;237;233;land;false;unknown;1
916;169;230;255;land;false;unknown;1
917;184;215;149;land;false;unknown;1
918;120;191;211;land;false;unknown;1
919;161;180;227;land;false;unknown;1
920;114;157;205;land;false;unknown;1
921;172;141;194;land;false;unknown;1
922;153;200;219;land;false;unknown;1
923;184;191;228;land;false;unknown;1
924;248;136;119;land;false;unknown;1
925;197;165;72;land;false;unknown;1
926;162;169;228;land;false;unknown;1
927;213;153;198;land;false;unknown;1
928;0;157;198;land;false;unknown;1
929;0;198;152;land;false;unknown;1
930;65;36;103;land;false;unknown;1
931;103;1;56;land;false;unknown;1
932;164;216;230;land;false;unknown;1
933;192;208;244;land;false;unknown;1
934;87;172;219;land;false;unknown;1
935;164;155;221;land;false;unknown;1
936;144;173;86;land;false;unknown;1
937;49;184;143;land;false;unknown;1
938;111;199;202;land;false;unknown;1
939;137;44;66;land;false;unknown;1
940;170;219;225;land;false;unknown;1
941;189;213;242;land;false;unknown;1
942;115;65;15;land;false;unknown;1
943;139;191;234;land;false;unknown;1
944;119;117;221;land;false;unknown;1
945;202;81;160;land;false;unknown;1
946;180;42;124;land;false;unknown;1
947;40;190;171;land;false;unknown;1
948;182;126;202;land;false;unknown;1
949;42;184;230;land;false;unknown;1
950;177;59;42;land;false;unknown;1
951;0;157;200;land;false;unknown;1
952;0;200;155;land;false;unknown;1
953;200;25;82;land;false;unknown;1
954;161;83;0;land;false;unknown;1
955;254;94;132;land;false;unknown;1
956;226;255;100;land;false;unknown;1
957;39;255;191;land;false;unknown;1
958;217;129;45;land;false;unknown;1
959;33;165;80;land;false;unknown;1
960;152;208;111;land;false;unknown;1
961;0;218;186;land;false;unknown;1
962;0;169;172;land;false;unknown;1
963;224;120;181;land;false;unknown;1
964;229;124;109;land;false;unknown;1
965;105;149;99;land;false;unknown;1
966;54;153;144;land;false;unknown;1
967;55;121;112;land;false;unknown;1
968;61;118;142;land;false;unknown;1
969;134;125;208;land;false;unknown;1
970;197;101;158;land;false;unknown;1
971;154;203;212;land;false;unknown;1
972;195;68;92;land;false;unknown;1
973;143;158;223;land;false;unknown;1
974;203;139;192;land;false;unknown;1
975;162;99;22;land;false;unknown;1
976;176;196;227;land;false;unknown;1
977;166;181;214;land;false;unknown;1
978;170;1;122;land;false;unknown;1
979;171;30;33;land;false;unknown;1
980;199;172;202;land;false;unknown;1
981;215;122;195;land;false;unknown;1
982;142;9;8;land;false;unknown;1
983;87;69;0;land;false;unknown;1
984;233;118;122;land;false;unknown;1
985;252;169;236;land;false;unknown;1
986;76;94;18;land;false;unknown;1
987;0;103;66;land;false;unknown;1
988;255;165;168;land;false;unknown;1
989;208;166;126;land;false;unknown;1
990;164;181;125;land;false;unknown;1
991;108;159;152;land;false;unknown;1
992;114;156;177;land;false;unknown;1
993;207;221;191;land;false;unknown;1
994;175;85;162;land;false;unknown;1
995;194;79;90;land;false;unknown;1
996;220;221;191;land;false;unknown;1
997;109;210;188;land;false;unknown;1
998;106;206;239;land;false;unknown;1
999;243;105;177;land;false;unknown;1
1000;239;117;89;land;false;unknown;1
1001;24;208;189;land;false;unknown;1
1002;37;201;254;land;false;unknown;1
1003;81;41;87;land;false;unknown;1
1004;160;46;111;land;false;unknown;1
1005;95;102;60;land;false;unknown;1
1006;57;109;84;land;false;unknown;1
1007;157;59;41;land;false;unknown;1
1008;99;33;48;land;false;unknown;1
1009;184;156;238;land;false;unknown;1
1010;238;136;182;land;false;unknown;1
1011;132;199;205;land;false;unknown;1
1012;156;147;215;land;false;unknown;1
1013;208;130;174;land;false;unknown;1
1014;223;184;91;land;false;unknown;1
1015;247;10;189;land;false;unknown;1
1016;255;38;60;land;false;unknown;1
1017;138;207;115;land;false;unknown;1
1018;253;185;243;land;false;unknown;1
1019;255;181;185;land;false;unknown;1
1020;143;197;210;land;false;unknown;1
1021;143;210;194;land;false;unknown;1
1022;120;173;191;land;false;unknown;1
1023;214;194;247;land;false;unknown;1
1024;116;183;227;land;false;unknown;1
1025;180;167;227;land;false;unknown;1
1026;250;183;211;land;false;unknown;1
1027;153;164;202;land;false;unknown;1
1028;87;138;113;land;false;unknown;1
1029;70;138;148;land;false;unknown;1
1030;134;219;206;land;false;unknown;1
1031;142;214;247;land;false;unknown;1
1032;137;229;234;land;false;unknown;1
1033;168;220;255;land;false;unknown;1
1034;87;255;51;land;false;unknown;1
1035;0;255;230;land;false;unknown;1
1036;145;222;221;land;false;unknown;1
1037;165;215;252;land;false;unknown;1
1038;123;125;223;land;false;unknown;1
1039;117;172;204;land;false;unknown;1
1040;164;160;207;land;false;unknown;1
1041;204;93;167;land;false;unknown;1
1042;229;79;49;land;false;unknown;1
1043;72;94;18;land;false;unknown;1
1044;0;102;68;land;false;unknown;1
1045;152;131;0;land;false;unknown;1
1046;198;221;187;land;false;unknown;1
1047;133;117;217;land;false;unknown;1
1048;206;85;154;land;false;unknown;1
1049;38;105;25;land;false;unknown;1
1050;133;149;165;land;false;unknown;1
1051;152;144;163;land;false;unknown;1
1052;0;110;95;land;false;unknown;1
1053;88;22;116;land;false;unknown;1
1054;124;0;49;land;false;unknown;1
1055;91;151;225;land;false;unknown;1
1056;208;97;140;land;false;unknown;1
1057;196;111;74;land;false;unknown;1
1058;76;149;141;land;false;unknown;1
1059;86;145;174;land;false;unknown;1
1060;62;223;172;land;false;unknown;1
1061;98;42;90;land;false;unknown;1
1062;110;38;45;land;false;unknown;1
1063;0;221;255;land;false;unknown;1
1064;213;129;184;land;false;unknown;1
1065;223;130;122;land;false;unknown;1
1066;213;221;187;land;false;unknown;1
1067;130;234;199;land;false;unknown;1
1068;179;191;84;land;false;unknown;1
1069;73;207;143;land;false;unknown;1
1070;110;232;255;land;false;unknown;1
1071;143;180;222;land;false;unknown;1
1072;233;25;225;land;false;unknown;1
1073;255;0;86;land;false;unknown;1
1074;192;166;213;land;false;unknown;1
1075;180;211;174;land;false;unknown;1
1076;196;211;174;land;false;unknown;1
1077;132;124;215;land;false;unknown;1
1078;204;182;136;land;false;unknown;1
1079;71;138;114;land;false;unknown;1
1080;54;137;154;land;false;unknown;1
1081;160;194;148;land;false;unknown;1
1082;202;96;160;land;false;unknown;1
1083;255;98;211;land;false;unknown;1
1084;255;99;101;land;false;unknown;1
1085;153;9;166;land;false;unknown;1
1086;191;0;63;land;false;unknown;1
1087;129;42;163;land;false;unknown;1
1088;176;0;75;land;false;unknown;1
1089;124;130;226;land;false;unknown;1
1090;205;99;173;land;false;unknown;1
1091;78;44;37;land;false;unknown;1
1092;62;52;24;land;false;unknown;1
1093;164;178;227;land;false;unknown;1
1094;5;65;84;land;false;unknown;1
1095;52;57;90;land;false;unknown;1
1096;210;164;206;land;false;unknown;1
1097;29;179;20;land;false;unknown;1
1098;0;188;164;land;false;unknown;1
1099;94;92;216;land;false;unknown;1
1100;194;26;141;land;false;unknown;1
1101;11;149;55;land;false;unknown;1
1102;0;154;150;land;false;unknown;1
1103;139;173;231;land;false;unknown;1
1104;201;155;211;land;false;unknown;1
1105;111;119;206;land;false;unknown;1
1106;186;91;159;land;false;unknown;1
1107;134;136;201;land;false;unknown;1
1108;188;118;166;land;false;unknown;1
1109;147;140;198;land;false;unknown;1
1110;191;125;164;land;false;unknown;1
1111;139;140;233;land;false;unknown;1
1112;215;112;180;land;false;unknown;1
1113;155;164;210;land;false;unknown;1
1114;196;152;189;land;false;unknown;1
1115;119;130;190;land;false;unknown;1
1116;112;111;203;land;false;unknown;1
1117;186;80;149;land;false;unknown;1
1118;173;113;161;land;false;unknown;1
1119;92;158;245;land;false;unknown;1
1120;198;129;215;land;false;unknown;1
1121;106;173;194;land;false;unknown;1
1122;142;72;82;land;false;unknown;1
1123;124;85;46;land;false;unknown;1
1124;0;147;177;land;false;unknown;1
1125;0;177;129;land;false;unknown;1
1126;151;191;162;land;false;unknown;1
1127;158;191;151;land;false;unknown;1
1128;73;165;163;land;false;unknown;1
1129;166;160;212;land;false;unknown;1
1130;206;148;181;land;false;unknown;1
1131;73;165;123;land;false;unknown;1
1132;80;168;188;land;false;unknown;1
1133;80;188;161;land;false;unknown;1
1134;161;160;225;land;false;unknown;1
1135;214;143;189;land;false;unknown;1
1136;86;124;27;land;false;unknown;1
1137;0;133;96;land;false;unknown;1
1138;129;170;223;land;false;unknown;1
1139;190;153;209;land;false;unknown;1
1140;58;186;248;land;false;unknown;1
1141;176;163;250;land;false;unknown;1
1142;192;48;181;land;false;unknown;1
1143;220;14;75;land;false;unknown;1
1144;128;172;200;land;false;unknown;1
1145;167;161;202;land;false;unknown;1
1146;0;135;189;land;false;unknown;1
1147;0;189;160;land;false;unknown;1
1148;40;161;194;land;false;unknown;1
1149;40;194;159;land;false;unknown;1
1150;112;141;195;land;false;unknown;1
1151;169;124;175;land;false;unknown;1
1152;113;106;210;land;false;unknown;1
1153;194;68;147;land;false;unknown;1
1154;95;180;225;land;false;unknown;1
1155;169;163;229;land;false;unknown;1
1156;172;216;232;land;false;unknown;1
1157;199;208;241;land;false;unknown;1
1158;118;142;204;land;false;unknown;1
1159;180;123;178;land;false;unknown;1
1160;133;185;216;land;false;unknown;1
1161;122;202;208;land;false;unknown;1
1162;122;208;176;land;false;unknown;1
1163;163;214;221;land;false;unknown;1
1164;184;207;238;land;false;unknown;1
1165;152;186;208;land;false;unknown;1
1166;182;177;210;land;false;unknown;1
1167;160;217;224;land;false;unknown;1
1168;183;210;244;land;false;unknown;1
1169;125;193;219;land;false;unknown;1
1170;171;181;231;land;false;unknown;1
1171;137;200;233;land;false;unknown;1
1172;188;187;239;land;false;unknown;1
1173;230;154;221;land;false;unknown;1
1174;252;149;156;land;false;unknown;1
1175;143;196;217;land;false;unknown;1
1176;46;152;181;land;false;unknown;1
1177;46;181;151;land;false;unknown;1
1178;134;156;231;land;false;unknown;1
1179;206;133;197;land;false;unknown;1
1180;157;210;236;land;false;unknown;1
1181;197;199;243;land;false;unknown;1
1182;162;128;45;land;false;unknown;1
1183;88;148;66;land;false;unknown;1
1184;143;138;205;land;false;unknown;1
1185;195;120;166;land;false;unknown;1
1186;0;159;188;land;false;unknown;1
1187;0;188;135;land;false;unknown;1
1188;116;191;241;land;false;unknown;1
1189;189;173;240;land;false;unknown;1
1190;140;158;239;land;false;unknown;1
1191;215;134;200;land;false;unknown;1
1192;139;142;204;land;false;unknown;1
1193;191;125;171;land;false;unknown;1
1194;126;123;128;land;false;unknown;1
1195;129;122;124;land;false;unknown;1
1196;88;113;236;land;false;unknown;1
1197;152;227;235;land;false;unknown;1
1198;181;218;255;land;false;unknown;1
1199;204;61;169;land;false;unknown;1
1200;129;129;27;land;false;unknown;1
1201;22;144;79;land;false;unknown;1
1202;177;222;228;land;false;unknown;1
1203;195;216;244;land;false;unknown;1
1204;81;25;121;land;false;unknown;1
1205;124;0;54;land;false;unknown;1
1206;143;145;226;land;false;unknown;1
1207;210;122;181;land;false;unknown;1
1208;136;185;214;land;false;unknown;1
1209;178;174;217;land;false;unknown;1
1210;106;172;209;land;false;unknown;1
1211;163;158;213;land;false;unknown;1
1212;161;175;212;land;false;unknown;1
1213;197;165;198;land;false;unknown;1
1214;123;125;228;land;false;unknown;1
1215;208;90;169;land;false;unknown;1
1216;223;222;253;land;false;unknown;1
1217;248;215;236;land;false;unknown;1
1218;138;223;228;land;false;unknown;1
1219;167;214;255;land;false;unknown;1
1220;121;151;220;land;false;unknown;1
1221;192;130;192;land;false;unknown;1
1222;119;125;193;land;false;unknown;1
1223;177;105;157;land;false;unknown;1
1224;126;213;201;land;false;unknown;1
1225;135;208;242;land;false;unknown;1
1226;126;193;160;land;false;unknown;1
1227;0;131;196;land;false;unknown;1
1228;146;143;235;land;false;unknown;1
1229;219;116;182;land;false;unknown;1
1230;0;196;175;land;false;unknown;1
1231;126;193;131;land;false;unknown;1
1232;81;54;62;land;false;unknown;1
1233;78;57;46;land;false;unknown;1
1234;143;99;255;land;false;unknown;1
1235;243;0;151;land;false;unknown;1
1236;148;154;215;land;false;unknown;1
1237;125;184;173;land;false;unknown;1
1238;205;220;189;land;false;unknown;1
1239;182;67;36;land;false;unknown;1
1240;119;107;0;land;false;unknown;1
1241;219;220;189;land;false;unknown;1
1242;125;184;147;land;false;unknown;1
1243;235;192;123;land;false;unknown;1
1244;79;54;0;land;false;unknown;1
1245;33;67;11;land;false;unknown;1
1246;168;212;135;land;false;unknown;1
1247;183;187;221;land;false;unknown;1
1248;213;179;204;land;false;unknown;1
1249;133;200;192;land;false;unknown;1
1250;143;195;224;land;false;unknown;1
1251;183;216;221;land;false;unknown;1
1252;197;211;232;land;false;unknown;1
1253;145;189;208;land;false;unknown;1
1254;175;180;215;land;false;unknown;1
1255;196;132;182;land;false;unknown;1
1256;140;150;213;land;false;unknown;1
1257;133;223;228;land;false;unknown;1
1258;163;214;255;land;false;unknown;1
1259;166;178;219;land;false;unknown;1
1260;204;167;202;land;false;unknown;1
1261;100;146;214;land;false;unknown;1
1262;169;178;213;land;false;unknown;1
1263;178;124;191;land;false;unknown;1
1264;0;167;211;land;false;unknown;1
1265;0;211;163;land;false;unknown;1
1266;134;199;181;land;false;unknown;1
1267;170;198;237;land;false;unknown;1
1268;213;186;227;land;false;unknown;1
1269;174;221;155;land;false;unknown;1
1270;203;221;155;land;false;unknown;1
1271;96;174;171;land;false;unknown;1
1272;124;176;244;land;false;unknown;1
1273;204;154;224;land;false;unknown;1
1274;96;174;137;land;false;unknown;1
1275;126;132;209;land;false;unknown;1
1276;192;109;168;land;false;unknown;1
1277;153;182;238;land;false;unknown;1
1278;211;165;218;land;false;unknown;1
1279;169;186;232;land;false;unknown;1
1280;214;173;214;land;false;unknown;1
1281;133;179;200;land;false;unknown;1
1282;166;170;207;land;false;unknown;1
1283;150;135;238;land;false;unknown;1
1284;226;104;174;land;false;unknown;1
1285;161;225;238;land;false;unknown;1
1286;192;216;255;land;false;unknown;1
1287;140;162;199;land;false;unknown;1
1288;179;151;188;land;false;unknown;1
1289;139;162;194;land;false;unknown;1
1290;174;152;186;land;false;unknown;1
1291;147;153;231;land;false;unknown;1
1292;213;131;189;land;false;unknown;1
1293;101;162;215;land;false;unknown;1
1294;172;144;207;land;false;unknown;1
1295;123;215;225;land;false;unknown;1
1296;158;236;225;land;false;unknown;1
1297;167;231;255;land;false;unknown;1
1298;180;207;179;land;false;unknown;1
1299;192;207;179;land;false;unknown;1
1300;147;198;211;land;false;unknown;1
1301;174;190;225;land;false;unknown;1
1302;149;176;231;land;false;unknown;1
1303;205;160;211;land;false;unknown;1
1304;155;236;230;land;false;unknown;1
1305;171;230;255;land;false;unknown;1
1306;167;211;167;land;false;unknown;1
1307;186;211;167;land;false;unknown;1
1308;99;216;205;land;false;unknown;1
1309;116;209;255;land;false;unknown;1
1310;116;175;216;land;false;unknown;1
1311;174;160;215;land;false;unknown;1
1312;168;200;221;land;false;unknown;1
1313;196;192;223;land;false;unknown;1
1314;174;196;166;land;false;unknown;1
1315;187;196;166;land;false;unknown;1
1316;178;199;216;land;false;unknown;1
1317;199;193;216;land;false;unknown;1
1318;150;168;221;land;false;unknown;1
1319;201;153;199;land;false;unknown;1
1320;28;167;167;land;false;unknown;1
1321;124;136;185;land;false;unknown;1
1322;169;122;163;land;false;unknown;1
1323;239;239;253;land;false;unknown;1
1324;251;236;246;land;false;unknown;1
1325;106;131;221;land;false;unknown;1
1326;193;101;177;land;false;unknown;1
1327;141;205;171;land;false;unknown;1
1328;172;172;234;land;false;unknown;1
1329;223;156;200;land;false;unknown;1
1330;130;175;152;land;false;unknown;1
1331;130;175;132;land;false;unknown;1
1332;158;169;204;land;false;unknown;1
1333;191;159;190;land;false;unknown;1
1334;112;221;216;land;false;unknown;1
1335;136;213;255;land;false;unknown;1
1336;128;225;222;land;false;unknown;1
1337;180;178;225;land;false;unknown;1
1338;152;201;195;land;false;unknown;1
1339;212;193;251;land;false;unknown;1
1340;104;182;216;land;false;unknown;1
1341;163;168;225;land;false;unknown;1
1342;147;218;237;land;false;unknown;1
1343;186;207;255;land;false;unknown;1
1344;115;176;193;land;false;unknown;1
1345;150;167;207;land;false;unknown;1
1346;61;184;197;land;false;unknown;1
1347;61;197;150;land;false;unknown;1
1348;142;179;228;land;false;unknown;1
1349;197;163;215;land;false;unknown;1
1350;172;192;211;land;false;unknown;1
1351;194;185;209;land;false;unknown;1
1352;185;197;220;land;false;unknown;1
1353;208;190;213;land;false;unknown;1
1354;155;200;233;land;false;unknown;1
1355;199;188;233;land;false;unknown;1
1356;159;161;222;land;false;unknown;1
1357;210;145;189;land;false;unknown;1
1358;124;148;195;land;false;unknown;1
1359;173;134;178;land;false;unknown;1
